Parfums,Prix
"Trio de Parfums Patchouli, Figo & Folha de Laranjeira","75,00 €"
Eau de Parfum Rosa Sublime,"150,00 €"
Eau de Parfum Nostalgia,"150,00 €"
Eau de Parfum Madrepérola,"150,00 €"
Eau de Parfum Citrus Brasilis,"150,00 €"
Eau de Parfum Esplendor,"150,00 €"
Eau de Parfum Flora Magnífica,"150,00 €"
Eau de Parfum Imperial,"150,00 €"
Eau de Toilette Carioca 100ml,"85,00 €"
Eau de Parfum Boemia,"150,00 €"
Eau de Parfum Fervo Intenso,"150,00 €"
Eau de Cologne Oud 300ml,"110,00 €"
Eau de Parfum Folia,"150,00 €"
Eau de Parfum Oásis,"150,00 €"
Eau de Parfum Époque Tropical,"150,00 €"
Eau de Parfum Infusão Botânica,"150,00 €"
Eau de Parfum Amazônico,"150,00 €"
Eau de Parfum Tropicália,"150,00 €"
Eau de Parfum Expedição,"150,00 €"
Eau de Parfum Apotecário,"150,00 €"
Eau de Parfum Jardim Real 75ml,"150,00 €"
Eau de Parfum Elixir 1870,"150,00 €"
Coffret Dècouverte Eau de toilette,"60,00 €"
Trio Parfumerie Pique-Nique Fraîches,"80,00 €"
"Trio Parfumerie | Neroli, Sândalo & Cardamomo et Limão Taiti & Néroli","75,00 €"
Coffret Découverte Exubérance Tropicale,"85,00 €"
Coffret Découverte Eaux de Parfum,"85,00 €"
Trio Parfumerie Elixir Patchouli,"63,00 €"
"Trio Parfumerie | Íris, Lavanda, Figo","75,00 €"
Trio Parfumerie Pique-nique Intenses,"80,00 €"
Trio Parfumerie Elixir Neroli,"63,00 €"
Trio Parfumerie Floral,"80,00 €"
"Trio Parfumerie | Tuberosa, Limão Taiti & Néroli, Baunilha & Açafrão","75,00 €"
Coffret Découverte Eaux de Cologne Florales,"50,00 €"
Coffret Découverte Les Merveilles de l’Océan,"85,00 €"
Coffret Mallette Parfumée Amazônico,"80,00 €"
Coffret Mallette Parfumée Rosa Sublime,"80,00 €"
Trio Parfumé Rosa Sublime,"66,00 €"
Coffret Mallette Parfumée Esplendor,"80,00 €"
Trio Parfumé Fervo Intenso,"66,00 €"
